{
    "display": {
        "icon": {
            "item": "minecraft:axolotl_bucket"
        },
        "title": {
            "text": "All alone.",
            "color": "red",
            "bold": true
        },
        "frame": "task",
        "show_toast": true,
        "announce_to_chat": "false",
        "description": {
            "text": "Complete a scenario when you are the only player doing it.",
            "color": "#78a19a",
            "bold": false
        }
    },
    "parent": "advancements:game_sneak",
    "criteria": {
        "impossible": {
            "trigger": "minecraft:impossible"
        }
    }
}