{
    "display": {
        "icon": {
            "item": "minecraft:pink_wool"
        },
        "title": {
            "text": "Exclusive Fan",
            "color": "red",
            "bold": true
        },
        "frame": "task",
        "show_toast": true,
        "announce_to_chat": false,
        "description": {
            "text": "Complete this row to unlock.",
            "color": "#78a19a",
            "bold": false
        }
    },
    "parent": "advancements:game_only",
    "criteria": {
        "impossible": {
            "trigger": "minecraft:impossible"
        }
    }
}