{
    "display": {
        "icon": {
            "item": "minecraft:iron_boots"
        },
        "title": {
            "text": "Sneaky...",
            "color": "red",
            "bold": true
        },
        "frame": "task",
        "show_toast": true,
        "announce_to_chat": "false",
        "description": {
            "text": "Sneak for over 30 seconds in scenarios.",
            "color": "#78a19a",
            "bold": false
        }
    },
    "parent": "advancements:game_jump",
    "criteria": {
        "impossible": {
            "trigger": "minecraft:impossible"
        }
    }
}