{
    "display": {
        "icon": {
            "item": "minecraft:rabbit_foot"
        },
        "title": {
            "text": "Jump! Jump! Jump!",
            "color": "red",
            "bold": true
        },
        "frame": "task",
        "show_toast": true,
        "announce_to_chat": "false",
        "description": {
            "text": "Jump 100 times in scenarios.",
            "color": "#78a19a",
            "bold": false
        }
    },
    "parent": "advancements:game_play",
    "criteria": {
        "impossible": {
            "trigger": "minecraft:impossible"
        }
    }
}