{
    "display": {
        "icon": {
            "item": "minecraft:green_dye"
        },
        "title": {
            "text": "Lucky fifthteen!",
            "color": "red",
            "bold": true
        },
        "frame": "task",
        "show_toast": true,
        "announce_to_chat": "false",
        "description": {
            "text": "Play 15 scenarios.",
            "color": "#78a19a",
            "bold": false
        }
    },
    "parent": "advancements:game_fail",
    "criteria": {
        "impossible": {
            "trigger": "minecraft:impossible"
        }
    }
}