{
    "display": {
        "icon": {
            "item": "minecraft:barrier"
        },
        "title": {
            "text": "Epic fail.",
            "color": "red",
            "bold": true
        },
        "frame": "task",
        "show_toast": true,
        "announce_to_chat": "false",
        "description": {
            "text": "Fail a scenario.",
            "color": "#78a19a",
            "bold": false
        }
    },
    "parent": "advancements:root",
    "criteria": {
        "impossible": {
            "trigger": "minecraft:impossible"
        }
    }
}