{
    "display": {
        "icon": {
            "item": "minecraft:armor_stand"
        },
        "title": {
            "text": "Educated!",
            "color": "gray",
            "bold": true
        },
        "frame": "task",
        "show_toast": true,
        "announce_to_chat": "false",
        "description": {
            "text": "Look at the tutorial.",
            "color": "#78a19a",
            "bold": false
        }
    },
    "parent": "advancements:root",
    "criteria": {
        "impossible": {
            "trigger": "minecraft:impossible"
        }
    }
}