{
    "display": {
        "icon": {
            "item": "minecraft:golden_chestplate"
        },
        "title": {
            "text": "Fancy Exterior",
            "color": "gray",
            "bold": true
        },
        "frame": "task",
        "show_toast": true,
        "announce_to_chat": "false",
        "description": {
            "text": "Equip a cosmetic of each type.",
            "color": "#78a19a",
            "bold": false
        }
    },
    "parent": "advancements:lobby_plushie",
    "criteria": {
        "impossible": {
            "trigger": "minecraft:impossible"
        }
    }
}