{
    "display": {
        "icon": {
            "item": "minecraft:note_block"
        },
        "title": {
            "text": "Exclusive Podium",
            "color": "aqua",
            "bold": true
        },
        "frame": "task",
        "show_toast": true,
        "announce_to_chat": false,
        "description": {
            "text": "Complete this row to unlock.",
            "color": "#78a19a",
            "bold": false
        }
    },
    "parent": "advancements:scenario_math",
    "criteria": {
        "impossible": {
            "trigger": "minecraft:impossible"
        }
    }
}