{
    "display": {
        "icon": {
            "item": "minecraft:spruce_sapling"
        },
        "title": {
            "text": "Survivin'",
            "color": "aqua",
            "bold": true
        },
        "frame": "task",
        "show_toast": true,
        "announce_to_chat": "false",
        "description": {
            "text": "Play \"Survive in the wilderness.\"",
            "color": "#78a19a",
            "bold": false
        }
    },
    "parent": "advancements:scenario_skydive",
    "criteria": {
        "impossible": {
            "trigger": "minecraft:impossible"
        }
    }
}