{
    "display": {
        "icon": {
            "item": "minecraft:structure_void"
        },
        "title": {
            "text": "I'm a big fan.",
            "color": "aqua",
            "bold": true
        },
        "frame": "task",
        "show_toast": true,
        "announce_to_chat": "false",
        "description": {
            "text": "Play \"Become a fan engineer.\"",
            "color": "#78a19a",
            "bold": false
        }
    },
    "parent": "advancements:root",
    "criteria": {
        "impossible": {
            "trigger": "minecraft:impossible"
        }
    }
}