{
    "display": {
        "icon": {
            "item": "minecraft:white_wool"
        },
        "title": {
            "text": "The sky's the limit!",
            "color": "aqua",
            "bold": true
        },
        "frame": "task",
        "show_toast": true,
        "announce_to_chat": "false",
        "description": {
            "text": "Play \"Parkour through a sky village.\"",
            "color": "#78a19a",
            "bold": false
        }
    },
    "parent": "advancements:scenario_button",
    "criteria": {
        "impossible": {
            "trigger": "minecraft:impossible"
        }
    }
}