{
    "display": {
        "icon": {
            "item": "minecraft:birch_sign"
        },
        "title": {
            "text": "Gene says...",
            "color": "aqua",
            "bold": true
        },
        "frame": "task",
        "show_toast": true,
        "announce_to_chat": "false",
        "description": {
            "text": "Play \"Play 'Gene says'.\"",
            "color": "#78a19a",
            "bold": false
        }
    },
    "parent": "advancements:scenario_dodgeball",
    "criteria": {
        "impossible": {
            "trigger": "minecraft:impossible"
        }
    }
}