{
    "display": {
        "icon": {
            "item": "minecraft:gold_nugget"
        },
        "title": {
            "text": "Quintuple victory!",
            "color": "yellow",
            "bold": true
        },
        "frame": "task",
        "show_toast": true,
        "announce_to_chat": "false",
        "description": {
            "text": "Win 5 scenarios.",
            "color": "#78a19a",
            "bold": false
        }
    },
    "parent": "advancements:wins_one",
    "criteria": {
        "impossible": {
            "trigger": "minecraft:impossible"
        }
    }
}