{
    "display": {
        "icon": {
            "item": "minecraft:armor_stand"
        },
        "title": {
            "text": "Thanks Gene!",
            "color": "yellow",
            "bold": true
        },
        "frame": "task",
        "show_toast": true,
        "announce_to_chat": "false",
        "description": {
            "text": "Win an award.",
            "color": "#78a19a",
            "bold": false
        }
    },
    "parent": "advancements:wins_game",
    "criteria": {
        "impossible": {
            "trigger": "minecraft:impossible"
        }
    }
}